-- phpMyAdmin SQL Dump
-- version 5.2.1
-- https://www.phpmyadmin.net/
--
-- Host: 127.0.0.1
-- Generation Time: Oct 29, 2024 at 07:05 PM
-- Server version: 10.4.28-MariaDB
-- PHP Version: 8.2.4

SET SQL_MODE = "NO_AUTO_VALUE_ON_ZERO";
START TRANSACTION;
SET time_zone = "+00:00";


/*!40101 SET @OLD_CHARACTER_SET_CLIENT=@@CHARACTER_SET_CLIENT */;
/*!40101 SET @OLD_CHARACTER_SET_RESULTS=@@CHARACTER_SET_RESULTS */;
/*!40101 SET @OLD_COLLATION_CONNECTION=@@COLLATION_CONNECTION */;
/*!40101 SET NAMES utf8mb4 */;

--
-- Database: `ecommerce_api`
--

-- --------------------------------------------------------

--
-- Table structure for table `cache`
--

CREATE TABLE `cache` (
  `key` varchar(255) NOT NULL,
  `value` mediumtext NOT NULL,
  `expiration` int(11) NOT NULL
) ENGINE=InnoDB DEFAULT CHARSET=utf8mb4 COLLATE=utf8mb4_unicode_ci;

-- --------------------------------------------------------

--
-- Table structure for table `cache_locks`
--

CREATE TABLE `cache_locks` (
  `key` varchar(255) NOT NULL,
  `owner` varchar(255) NOT NULL,
  `expiration` int(11) NOT NULL
) ENGINE=InnoDB DEFAULT CHARSET=utf8mb4 COLLATE=utf8mb4_unicode_ci;

-- --------------------------------------------------------

--
-- Table structure for table `failed_jobs`
--

CREATE TABLE `failed_jobs` (
  `id` bigint(20) UNSIGNED NOT NULL,
  `uuid` varchar(255) NOT NULL,
  `connection` text NOT NULL,
  `queue` text NOT NULL,
  `payload` longtext NOT NULL,
  `exception` longtext NOT NULL,
  `failed_at` timestamp NOT NULL DEFAULT current_timestamp()
) ENGINE=InnoDB DEFAULT CHARSET=utf8mb4 COLLATE=utf8mb4_unicode_ci;

-- --------------------------------------------------------

--
-- Table structure for table `jobs`
--

CREATE TABLE `jobs` (
  `id` bigint(20) UNSIGNED NOT NULL,
  `queue` varchar(255) NOT NULL,
  `payload` longtext NOT NULL,
  `attempts` tinyint(3) UNSIGNED NOT NULL,
  `reserved_at` int(10) UNSIGNED DEFAULT NULL,
  `available_at` int(10) UNSIGNED NOT NULL,
  `created_at` int(10) UNSIGNED NOT NULL
) ENGINE=InnoDB DEFAULT CHARSET=utf8mb4 COLLATE=utf8mb4_unicode_ci;

-- --------------------------------------------------------

--
-- Table structure for table `job_batches`
--

CREATE TABLE `job_batches` (
  `id` varchar(255) NOT NULL,
  `name` varchar(255) NOT NULL,
  `total_jobs` int(11) NOT NULL,
  `pending_jobs` int(11) NOT NULL,
  `failed_jobs` int(11) NOT NULL,
  `failed_job_ids` longtext NOT NULL,
  `options` mediumtext DEFAULT NULL,
  `cancelled_at` int(11) DEFAULT NULL,
  `created_at` int(11) NOT NULL,
  `finished_at` int(11) DEFAULT NULL
) ENGINE=InnoDB DEFAULT CHARSET=utf8mb4 COLLATE=utf8mb4_unicode_ci;

-- --------------------------------------------------------

--
-- Table structure for table `migrations`
--

CREATE TABLE `migrations` (
  `id` int(10) UNSIGNED NOT NULL,
  `migration` varchar(255) NOT NULL,
  `batch` int(11) NOT NULL
) ENGINE=InnoDB DEFAULT CHARSET=utf8mb4 COLLATE=utf8mb4_unicode_ci;

--
-- Dumping data for table `migrations`
--

INSERT INTO `migrations` (`id`, `migration`, `batch`) VALUES
(16, '0001_01_01_000000_create_users_table', 1),
(17, '0001_01_01_000001_create_cache_table', 1),
(18, '0001_01_01_000002_create_jobs_table', 1),
(19, '2024_10_28_120343_create_personal_access_tokens_table', 1),
(20, '2024_10_28_120611_create_products_table', 1),
(21, '2024_10_28_120629_create_reviews_table', 1);

-- --------------------------------------------------------

--
-- Table structure for table `password_reset_tokens`
--

CREATE TABLE `password_reset_tokens` (
  `email` varchar(255) NOT NULL,
  `token` varchar(255) NOT NULL,
  `created_at` timestamp NULL DEFAULT NULL
) ENGINE=InnoDB DEFAULT CHARSET=utf8mb4 COLLATE=utf8mb4_unicode_ci;

-- --------------------------------------------------------

--
-- Table structure for table `personal_access_tokens`
--

CREATE TABLE `personal_access_tokens` (
  `id` bigint(20) UNSIGNED NOT NULL,
  `tokenable_type` varchar(255) NOT NULL,
  `tokenable_id` bigint(20) UNSIGNED NOT NULL,
  `name` varchar(255) NOT NULL,
  `token` varchar(64) NOT NULL,
  `abilities` text DEFAULT NULL,
  `last_used_at` timestamp NULL DEFAULT NULL,
  `expires_at` timestamp NULL DEFAULT NULL,
  `created_at` timestamp NULL DEFAULT NULL,
  `updated_at` timestamp NULL DEFAULT NULL
) ENGINE=InnoDB DEFAULT CHARSET=utf8mb4 COLLATE=utf8mb4_unicode_ci;

-- --------------------------------------------------------

--
-- Table structure for table `products`
--

CREATE TABLE `products` (
  `id` int(10) UNSIGNED NOT NULL,
  `name` varchar(255) NOT NULL,
  `detail` text NOT NULL,
  `price` int(11) NOT NULL,
  `stock` int(11) NOT NULL,
  `discount` int(11) NOT NULL,
  `created_at` timestamp NULL DEFAULT NULL,
  `updated_at` timestamp NULL DEFAULT NULL
) ENGINE=InnoDB DEFAULT CHARSET=utf8mb4 COLLATE=utf8mb4_unicode_ci;

--
-- Dumping data for table `products`
--

INSERT INTO `products` (`id`, `name`, `detail`, `price`, `stock`, `discount`, `created_at`, `updated_at`) VALUES
(1, 'id', 'Deserunt sint ut fugit quia.', 638, 2, 26, '2024-10-29 09:54:01', '2024-10-29 09:54:01'),
(2, 'in', 'Doloribus maxime numquam suscipit est consequatur ut.', 212, 10, 6, '2024-10-29 09:54:01', '2024-10-29 09:54:01'),
(3, 'mollitia', 'Dolorem labore quis ut sed recusandae atque rem.', 861, 47, 19, '2024-10-29 09:54:01', '2024-10-29 09:54:01'),
(4, 'vel', 'Tempora saepe dolor est omnis quia molestiae adipisci.', 147, 19, 21, '2024-10-29 09:54:01', '2024-10-29 09:54:01'),
(5, 'sint', 'Quia est voluptas nesciunt dolor.', 298, 12, 4, '2024-10-29 09:54:01', '2024-10-29 09:54:01'),
(6, 'quia', 'Consequatur molestiae illo ut totam dolores ullam sunt.', 226, 40, 6, '2024-10-29 09:54:01', '2024-10-29 09:54:01'),
(7, 'et', 'Temporibus dolor labore non ratione.', 300, 45, 21, '2024-10-29 09:54:01', '2024-10-29 09:54:01'),
(8, 'voluptate', 'Sint sed quo est commodi voluptatum.', 591, 25, 7, '2024-10-29 09:54:01', '2024-10-29 09:54:01'),
(9, 'vel', 'Et debitis molestiae explicabo repudiandae eaque aperiam.', 196, 33, 17, '2024-10-29 09:54:01', '2024-10-29 09:54:01'),
(10, 'quas', 'Autem necessitatibus fugit rerum modi.', 873, 42, 19, '2024-10-29 09:54:01', '2024-10-29 09:54:01'),
(11, 'cumque', 'Aut quis et optio enim facilis.', 314, 32, 9, '2024-10-29 09:54:01', '2024-10-29 09:54:01'),
(12, 'reiciendis', 'Placeat ut voluptatem dignissimos facere enim eos incidunt distinctio.', 223, 1, 20, '2024-10-29 09:54:01', '2024-10-29 09:54:01'),
(13, 'fugiat', 'Officia quos nisi pariatur recusandae fugit.', 731, 6, 26, '2024-10-29 09:54:01', '2024-10-29 09:54:01'),
(14, 'iste', 'Est accusantium corrupti consectetur amet dolor.', 600, 3, 27, '2024-10-29 09:54:01', '2024-10-29 09:54:01'),
(15, 'aperiam', 'Earum officia odio voluptatem accusantium maiores.', 269, 6, 8, '2024-10-29 09:54:01', '2024-10-29 09:54:01'),
(16, 'vel', 'Saepe excepturi occaecati expedita labore aut sunt facilis rerum.', 817, 9, 29, '2024-10-29 09:54:01', '2024-10-29 09:54:01'),
(17, 'quod', 'Quo rerum quia maxime quidem quidem a rerum.', 958, 49, 17, '2024-10-29 09:54:01', '2024-10-29 09:54:01'),
(18, 'porro', 'Ipsa inventore rerum quo dolorum incidunt.', 763, 31, 9, '2024-10-29 09:54:01', '2024-10-29 09:54:01'),
(19, 'ducimus', 'Repellendus aliquid qui facere impedit ut dolor consequatur.', 763, 19, 13, '2024-10-29 09:54:01', '2024-10-29 09:54:01'),
(20, 'qui', 'Similique ut fugit fugiat aut laudantium commodi.', 643, 47, 3, '2024-10-29 09:54:01', '2024-10-29 09:54:01'),
(21, 'quos', 'Esse nihil quaerat neque accusantium impedit a.', 325, 44, 19, '2024-10-29 09:54:01', '2024-10-29 09:54:01'),
(22, 'nobis', 'Eveniet magni soluta magnam est eius corrupti.', 666, 32, 14, '2024-10-29 09:54:01', '2024-10-29 09:54:01'),
(23, 'eum', 'Harum et labore a quas temporibus consequatur.', 879, 36, 11, '2024-10-29 09:54:01', '2024-10-29 09:54:01'),
(24, 'asperiores', 'Blanditiis expedita excepturi ullam et.', 710, 39, 5, '2024-10-29 09:54:01', '2024-10-29 09:54:01'),
(25, 'porro', 'Veniam qui et maiores voluptatem vero.', 413, 15, 2, '2024-10-29 09:54:01', '2024-10-29 09:54:01'),
(26, 'quisquam', 'Consequatur voluptas ut aut ea a et iste explicabo.', 774, 34, 27, '2024-10-29 09:54:01', '2024-10-29 09:54:01'),
(27, 'provident', 'Commodi similique eveniet id sed assumenda.', 737, 17, 18, '2024-10-29 09:54:01', '2024-10-29 09:54:01'),
(28, 'omnis', 'Facere eos iste ab incidunt et aperiam veritatis.', 334, 18, 29, '2024-10-29 09:54:01', '2024-10-29 09:54:01'),
(29, 'et', 'Enim autem dignissimos voluptas aut.', 901, 48, 4, '2024-10-29 09:54:01', '2024-10-29 09:54:01'),
(30, 'qui', 'Autem mollitia distinctio necessitatibus minima ut quaerat.', 364, 43, 18, '2024-10-29 09:54:01', '2024-10-29 09:54:01'),
(31, 'ex', 'Quibusdam distinctio similique natus est in possimus.', 790, 12, 14, '2024-10-29 09:54:01', '2024-10-29 09:54:01'),
(32, 'ea', 'Nihil rerum explicabo pariatur architecto ratione et.', 514, 40, 9, '2024-10-29 09:54:01', '2024-10-29 09:54:01'),
(33, 'saepe', 'Facere veniam quo voluptates ullam rem voluptas voluptatem.', 915, 37, 16, '2024-10-29 09:54:01', '2024-10-29 09:54:01'),
(34, 'est', 'Atque iusto quae sed cum.', 166, 50, 10, '2024-10-29 09:54:01', '2024-10-29 09:54:01'),
(35, 'sit', 'Quidem autem omnis voluptatem autem sint incidunt voluptatem.', 364, 23, 13, '2024-10-29 09:54:01', '2024-10-29 09:54:01'),
(36, 'quisquam', 'Omnis ratione sed sit aut asperiores in iste.', 886, 39, 7, '2024-10-29 09:54:01', '2024-10-29 09:54:01'),
(37, 'eius', 'Cum et facilis sunt rerum et rem quisquam.', 256, 6, 2, '2024-10-29 09:54:01', '2024-10-29 09:54:01'),
(38, 'ipsum', 'Nobis fugiat aliquid suscipit nostrum deleniti blanditiis.', 304, 45, 20, '2024-10-29 09:54:01', '2024-10-29 09:54:01'),
(39, 'sequi', 'Illo nemo quia dolorum qui voluptatibus omnis et.', 765, 21, 24, '2024-10-29 09:54:01', '2024-10-29 09:54:01'),
(40, 'ut', 'Autem aut fugit eveniet iusto.', 629, 16, 3, '2024-10-29 09:54:01', '2024-10-29 09:54:01'),
(41, 'eos', 'A expedita facilis impedit tenetur similique.', 133, 35, 20, '2024-10-29 09:54:01', '2024-10-29 09:54:01'),
(42, 'necessitatibus', 'Maxime maxime et voluptatem deserunt.', 851, 36, 19, '2024-10-29 09:54:01', '2024-10-29 09:54:01'),
(43, 'eligendi', 'Reiciendis explicabo provident nostrum odio fugit voluptatem consequatur.', 478, 18, 5, '2024-10-29 09:54:01', '2024-10-29 09:54:01'),
(44, 'sit', 'Officia pariatur perferendis et repellendus dolores ut velit officia.', 370, 44, 9, '2024-10-29 09:54:01', '2024-10-29 09:54:01'),
(45, 'adipisci', 'Sed nihil laboriosam saepe odit distinctio debitis consequatur adipisci.', 591, 15, 13, '2024-10-29 09:54:01', '2024-10-29 09:54:01'),
(46, 'est', 'In est nam iusto libero quia nobis ullam laudantium.', 651, 40, 26, '2024-10-29 09:54:01', '2024-10-29 09:54:01'),
(47, 'eius', 'Dignissimos deserunt dolor fuga perferendis fugiat ea.', 418, 40, 21, '2024-10-29 09:54:01', '2024-10-29 09:54:01'),
(48, 'aperiam', 'Tempora aut omnis nulla autem temporibus facere facilis sunt.', 293, 21, 14, '2024-10-29 09:54:01', '2024-10-29 09:54:01'),
(49, 'est', 'Voluptas voluptatem quos velit velit eveniet.', 721, 3, 16, '2024-10-29 09:54:01', '2024-10-29 09:54:01'),
(50, 'et', 'Enim impedit molestiae et et ut est.', 669, 13, 3, '2024-10-29 09:54:01', '2024-10-29 09:54:01');

-- --------------------------------------------------------

--
-- Table structure for table `reviews`
--

CREATE TABLE `reviews` (
  `id` int(10) UNSIGNED NOT NULL,
  `product_id` int(10) UNSIGNED NOT NULL,
  `customer` varchar(255) NOT NULL,
  `review` text NOT NULL,
  `star` int(11) NOT NULL,
  `created_at` timestamp NULL DEFAULT NULL,
  `updated_at` timestamp NULL DEFAULT NULL
) ENGINE=InnoDB DEFAULT CHARSET=utf8mb4 COLLATE=utf8mb4_unicode_ci;

--
-- Dumping data for table `reviews`
--

INSERT INTO `reviews` (`id`, `product_id`, `customer`, `review`, `star`, `created_at`, `updated_at`) VALUES
(1, 1, 'Assunta Homenick', 'Sed doloremque sit quas qui dolorem repellat error explicabo. Quae ea quidem odio. Voluptatum maxime neque accusamus tenetur non dolor. Veniam harum modi libero et.', 3, '2024-10-29 09:54:01', '2024-10-29 09:54:01'),
(2, 1, 'Reymundo Connelly PhD', 'Incidunt repudiandae illum ducimus. Aut voluptatum non dolores ab similique. Quam ipsam vel nihil suscipit quia omnis voluptatum. Aut dicta consectetur molestiae. Assumenda maiores sapiente natus illum earum.', 2, '2024-10-29 09:54:01', '2024-10-29 09:54:01'),
(3, 1, 'Yvette Daniel', 'Similique voluptatem occaecati et magni unde repellendus. Sequi minus similique sed est. Occaecati et dolorem aliquam labore.', 4, '2024-10-29 09:54:01', '2024-10-29 09:54:01'),
(4, 1, 'Mrs. Rachelle Schaefer', 'Quis dolore qui doloribus sequi labore qui quia. Inventore aliquid eum consectetur est tenetur facilis et eaque. In omnis eaque commodi aliquam velit qui vero. Voluptatem ratione officiis tempora voluptatum laboriosam.', 4, '2024-10-29 09:54:01', '2024-10-29 09:54:01'),
(5, 2, 'Prof. Mustafa Gorczany Sr.', 'Aliquid reiciendis distinctio laboriosam quam vel labore exercitationem. Tenetur non eum id ut reprehenderit deleniti. Omnis quibusdam aspernatur est rem ratione atque fugiat nisi. Quis sed eveniet facilis aspernatur architecto.', 4, '2024-10-29 09:54:01', '2024-10-29 09:54:01'),
(6, 2, 'Amelia Schinner', 'Labore aut amet error aperiam rem velit quisquam. Consequatur aspernatur perferendis suscipit a qui. Eos est nam sequi. Libero ea fuga odio.', 5, '2024-10-29 09:54:01', '2024-10-29 09:54:01'),
(7, 2, 'Cathy Kassulke', 'Dicta dolore rerum iste nam corrupti sit modi. Repellendus ea eum veritatis accusamus occaecati sint. Sunt dignissimos vitae sit magnam sapiente aperiam reiciendis quod. Et laborum laborum tenetur laborum soluta laboriosam.', 5, '2024-10-29 09:54:01', '2024-10-29 09:54:01'),
(8, 2, 'Samantha Grant', 'Ipsa sunt libero aut aspernatur voluptas. Id voluptatem dignissimos tempora accusamus numquam. Illum nisi deleniti doloribus qui optio sit praesentium. Quam qui esse nostrum dolorum et. Illum blanditiis odit modi.', 1, '2024-10-29 09:54:01', '2024-10-29 09:54:01'),
(9, 3, 'Dr. Daren Donnelly PhD', 'Dolore ut et iusto voluptatem. Et perspiciatis nobis eveniet saepe voluptatibus vero ab. Ut sed accusantium voluptatum.', 2, '2024-10-29 09:54:01', '2024-10-29 09:54:01'),
(10, 3, 'Tony Mohr', 'Nemo modi repellendus voluptatem odio sint aut sint. Quia ut maiores eos reiciendis harum suscipit minus consequatur. Inventore dolore ipsam voluptatem assumenda minima. Provident atque autem earum non.', 4, '2024-10-29 09:54:01', '2024-10-29 09:54:01'),
(11, 3, 'Mr. Vance Gerhold Sr.', 'Quia praesentium asperiores consectetur quo ea consequatur perferendis. Omnis debitis assumenda quis magnam. Occaecati alias nobis ut qui et nemo eveniet minima. Porro qui nostrum qui tenetur ut dolorem expedita.', 2, '2024-10-29 09:54:01', '2024-10-29 09:54:01'),
(12, 3, 'Jessie Kuhlman Jr.', 'Excepturi harum ut corporis voluptatem ut eos. Et ipsum illum sint eaque omnis unde sint. Rerum blanditiis omnis velit est nulla.', 4, '2024-10-29 09:54:01', '2024-10-29 09:54:01'),
(13, 4, 'Mrs. Beverly Schimmel I', 'Quis corrupti et voluptas dignissimos. Hic quaerat qui porro voluptatibus ut occaecati.', 5, '2024-10-29 09:54:01', '2024-10-29 09:54:01'),
(14, 4, 'Estell Brown', 'Non cum commodi laboriosam at aut itaque ut. Blanditiis veniam excepturi voluptatibus fugit. Ipsa ut aspernatur enim earum iste et eum.', 3, '2024-10-29 09:54:01', '2024-10-29 09:54:01'),
(15, 4, 'Ewell Kulas IV', 'Nihil voluptates doloremque necessitatibus debitis amet quisquam. Sit dignissimos alias corporis natus voluptatem eligendi. Tempora qui sint perspiciatis libero ut corrupti. Nostrum eum itaque quidem adipisci voluptatem animi id.', 4, '2024-10-29 09:54:01', '2024-10-29 09:54:01'),
(16, 4, 'Nakia Bogisich', 'Consectetur incidunt corrupti praesentium possimus delectus. Sed doloribus consequatur eius facilis adipisci laboriosam. Provident distinctio libero eos omnis officia animi nam.', 2, '2024-10-29 09:54:01', '2024-10-29 09:54:01'),
(17, 5, 'Miss Savannah Pouros Jr.', 'Iusto aut saepe et eveniet aliquam necessitatibus modi. Ut excepturi est accusantium incidunt tempore et. Neque vitae ipsum sequi facilis.', 3, '2024-10-29 09:54:01', '2024-10-29 09:54:01'),
(18, 5, 'Mr. Cristian Hoeger', 'Quia sint veritatis quia in non molestias qui. Dolorum necessitatibus nemo quis est consequatur autem eos. Labore et est atque quo. Suscipit adipisci vitae aut consequatur delectus. Consectetur temporibus eaque quae fuga et.', 3, '2024-10-29 09:54:01', '2024-10-29 09:54:01'),
(19, 5, 'Prof. Crystel Goodwin DVM', 'Deserunt et nihil harum voluptatem perferendis consequatur. Et consequatur rerum vero non quis tenetur animi. Ipsum ratione ut impedit quia in. Ut nesciunt quo sint pariatur.', 1, '2024-10-29 09:54:01', '2024-10-29 09:54:01'),
(20, 5, 'Dr. Gerald Kohler', 'Eius sequi debitis atque et. Nostrum et error voluptates. Repellat perferendis quibusdam consectetur eaque.', 1, '2024-10-29 09:54:01', '2024-10-29 09:54:01'),
(21, 6, 'Blaze Nicolas', 'Minus reprehenderit dolores quia sapiente maxime quaerat excepturi. Ipsa molestias ullam est qui et. Nemo dignissimos delectus sint sed et rerum optio aut. Eaque porro rerum ipsam qui.', 3, '2024-10-29 09:54:01', '2024-10-29 09:54:01'),
(22, 6, 'Aubrey Hayes', 'Ducimus harum mollitia sit id autem nihil quia mollitia. Nobis ipsam voluptatem dolorem quam eius incidunt fuga. Aliquid ut ut est cupiditate.', 4, '2024-10-29 09:54:01', '2024-10-29 09:54:01'),
(23, 6, 'Tracy Brekke', 'Aut delectus enim in consequatur aut atque sed. Tenetur dolores dicta quia itaque esse sunt. Dolorem commodi recusandae repudiandae sunt quia saepe in ipsum. Aut ullam est provident ex natus eos blanditiis.', 4, '2024-10-29 09:54:01', '2024-10-29 09:54:01'),
(24, 6, 'Taryn Schneider', 'Dolores voluptatem officiis iure nihil error amet recusandae. Maiores et sed laudantium sunt. Asperiores quaerat sit id quo est sequi. Voluptas molestiae voluptatibus eius iste aut exercitationem mollitia libero.', 4, '2024-10-29 09:54:01', '2024-10-29 09:54:01'),
(25, 7, 'Dorothy Grant', 'Et ipsam sequi aperiam nobis delectus. Temporibus ullam minus cupiditate molestiae eaque dolorem quia molestiae. Atque porro ad sit quia. Eum in id dicta eum quia soluta sint quia.', 5, '2024-10-29 09:54:01', '2024-10-29 09:54:01'),
(26, 7, 'Miss Athena Keeling', 'Harum et sed sunt vitae accusamus est non. Sapiente ducimus accusamus ab velit. Ex nesciunt qui aut accusantium sit. Aperiam iste dicta nulla aut perferendis id nam.', 4, '2024-10-29 09:54:01', '2024-10-29 09:54:01'),
(27, 7, 'Celestino Lowe', 'Minima aut voluptates deserunt velit eos. Dolorum sed perspiciatis aliquid aperiam ea atque eum. Iste eaque animi minus voluptatem perferendis omnis. Pariatur dolor amet voluptatibus a earum molestiae voluptatem numquam.', 1, '2024-10-29 09:54:01', '2024-10-29 09:54:01'),
(28, 7, 'Rachael Adams', 'Molestias atque sit inventore saepe molestiae nisi. Repudiandae corrupti et voluptas ab atque rerum incidunt. Vero rem ut ullam. Qui ut amet optio ullam nobis sint. Ut aperiam sit delectus dolor voluptatum odio quod.', 2, '2024-10-29 09:54:01', '2024-10-29 09:54:01'),
(29, 8, 'Evelyn Fisher PhD', 'Et ipsa est est fuga. Dignissimos iure et ipsa provident. Id excepturi hic voluptatum. Laudantium non nulla et cupiditate impedit.', 1, '2024-10-29 09:54:02', '2024-10-29 09:54:02'),
(30, 8, 'Mr. Maxwell Pouros', 'Fugit placeat quod vero aut enim. In voluptate voluptas aliquid consequatur. Natus dolore rerum totam asperiores minus.', 2, '2024-10-29 09:54:02', '2024-10-29 09:54:02'),
(31, 8, 'Dannie Mertz', 'In et alias vero earum accusantium. Cupiditate maiores dignissimos quae ipsum beatae sit. Est ex et velit. Cupiditate nisi aut eos quam quidem quo.', 4, '2024-10-29 09:54:02', '2024-10-29 09:54:02'),
(32, 8, 'Mrs. Justina Koch IV', 'Quam quis est ea earum reprehenderit amet sunt corporis. Rem consequuntur qui ea qui et voluptatem. Voluptas doloribus minima non est necessitatibus. Eaque tempora veritatis hic sunt magni aut.', 1, '2024-10-29 09:54:02', '2024-10-29 09:54:02'),
(33, 9, 'Mr. Fausto Stanton', 'Quo excepturi est sit dolorem et. Maxime tempore ipsa maiores perferendis delectus cupiditate. Culpa cupiditate et nisi atque enim et commodi est.', 5, '2024-10-29 09:54:02', '2024-10-29 09:54:02'),
(34, 9, 'Miss Ardella Kunze II', 'Nisi et temporibus animi deleniti. Neque hic voluptates numquam neque quod et sint animi. Quas quas ut assumenda odit id ad eum.', 2, '2024-10-29 09:54:02', '2024-10-29 09:54:02'),
(35, 9, 'Jayde Miller', 'Corrupti velit repellendus ea velit rerum aperiam. Non hic facere quidem ducimus autem. Et dolor rem necessitatibus perferendis omnis dolorum enim. Aspernatur omnis ad eum hic perferendis.', 3, '2024-10-29 09:54:02', '2024-10-29 09:54:02'),
(36, 9, 'Robyn Gibson', 'Autem aliquid sequi ut ipsum quia. Esse consectetur vel ut. Sit fuga excepturi ut et.', 5, '2024-10-29 09:54:02', '2024-10-29 09:54:02'),
(37, 10, 'Dr. Kurtis Ryan', 'Consequatur aut dolores eum dolores est possimus soluta dolorem. Aut suscipit voluptatibus et provident eos repudiandae. Enim maxime est repellat minima facilis molestiae magni. Est quis eveniet et voluptas qui voluptas velit.', 1, '2024-10-29 09:54:02', '2024-10-29 09:54:02'),
(38, 10, 'Beryl Jerde', 'Aut deleniti quis ad qui. Dignissimos harum facere et iusto. Enim magni harum labore expedita. Ratione tempora ipsam qui alias.', 4, '2024-10-29 09:54:02', '2024-10-29 09:54:02'),
(39, 10, 'Maryjane Gerlach', 'Et voluptates autem labore ea aut odit. At totam sed quia dignissimos porro. Corporis recusandae odit nesciunt. Est adipisci atque amet.', 2, '2024-10-29 09:54:02', '2024-10-29 09:54:02'),
(40, 10, 'Kelton O\'Keefe', 'Facilis voluptates et ducimus minima deleniti quo distinctio. Velit quo quod unde quaerat dolor recusandae quidem voluptate. Et illo minima molestias quo. Occaecati nobis accusamus quam enim.', 1, '2024-10-29 09:54:02', '2024-10-29 09:54:02'),
(41, 11, 'Nasir Terry', 'Beatae totam voluptate similique laudantium. Assumenda quia molestiae quaerat sit ipsum. Doloribus deleniti quidem aut in quia dolor molestiae. Sed minima ea praesentium recusandae.', 5, '2024-10-29 09:54:02', '2024-10-29 09:54:02'),
(42, 11, 'Prof. Desmond Braun', 'Ex amet eos atque ullam nemo qui repellendus. Ut et consectetur beatae aspernatur repellat autem. Laboriosam dolorem dolore quis excepturi qui. Eum ab iure veniam.', 5, '2024-10-29 09:54:02', '2024-10-29 09:54:02'),
(43, 11, 'Prof. Laurianne Gottlieb I', 'Et et esse ut facere nemo aut. Cupiditate quibusdam ut aliquam nemo eius. Quia quasi consequatur explicabo est sed reiciendis.', 1, '2024-10-29 09:54:02', '2024-10-29 09:54:02'),
(44, 11, 'Delores Wisozk', 'Molestiae dolorem alias necessitatibus molestiae dignissimos nostrum nam totam. Nemo quod sit pariatur ut qui. Id atque quia cumque dignissimos sunt. Consequatur molestias minima perspiciatis ea nostrum earum doloribus et.', 1, '2024-10-29 09:54:02', '2024-10-29 09:54:02'),
(45, 12, 'Davion Wehner', 'Sunt nobis laudantium modi harum. Nihil totam enim et et. Est laudantium nisi tenetur consequatur reiciendis facere iste. Nihil nisi sed quas facere quia non sint.', 3, '2024-10-29 09:54:02', '2024-10-29 09:54:02'),
(46, 12, 'Anderson Sanford', 'Non et sapiente praesentium aut. Itaque iste nostrum eveniet ipsam sed. Et consequatur commodi doloremque soluta dolor corporis nisi.', 4, '2024-10-29 09:54:02', '2024-10-29 09:54:02'),
(47, 12, 'Stevie Morissette', 'Dolorum omnis ipsum eum nemo est fugiat sed debitis. Aut enim quo sunt culpa quae. Voluptatem laudantium iusto et ex reprehenderit sed voluptate. Sequi est aliquam tempore eaque nulla ut.', 4, '2024-10-29 09:54:02', '2024-10-29 09:54:02'),
(48, 12, 'Darron Emard', 'Tempora ab nobis ut rerum neque non. Vitae quibusdam voluptate sit. Aut sed mollitia qui alias quia nostrum dignissimos hic.', 2, '2024-10-29 09:54:02', '2024-10-29 09:54:02'),
(49, 13, 'Victoria Kulas MD', 'Sapiente minus et et temporibus temporibus necessitatibus. Laborum voluptatibus ullam fugiat molestias impedit doloribus maiores. Maxime occaecati et maiores est. Reiciendis earum veniam quia nihil. Aut eos iusto non.', 1, '2024-10-29 09:54:02', '2024-10-29 09:54:02'),
(50, 13, 'Geraldine Stoltenberg', 'Ea voluptas vero qui itaque assumenda. Autem natus quia vel non aperiam sed sit. Quasi nemo qui doloribus repellat fugiat exercitationem cumque.', 3, '2024-10-29 09:54:02', '2024-10-29 09:54:02'),
(51, 13, 'Mrs. Heidi Gutmann', 'Velit et illum quos dolores. Quo quod fuga nemo cupiditate ullam aperiam. Vel nihil quia est magnam placeat.', 2, '2024-10-29 09:54:02', '2024-10-29 09:54:02'),
(52, 13, 'Doug Frami', 'At vel quidem ratione. Quis nihil et maxime cupiditate. Quisquam fugiat consequuntur voluptatum. Velit minus exercitationem ex unde.', 3, '2024-10-29 09:54:02', '2024-10-29 09:54:02'),
(53, 14, 'Triston Windler', 'In et asperiores molestiae in dolorem. Voluptas hic quibusdam libero mollitia. Rerum dolorem sed aut. Pariatur dolor inventore molestias. Aut qui perspiciatis aut dolore aliquam praesentium non.', 2, '2024-10-29 09:54:02', '2024-10-29 09:54:02'),
(54, 14, 'Brian Purdy', 'Dolorum rerum hic quis aut omnis velit consequatur et. Et ipsa veritatis cumque saepe. Vel aut accusamus dolorem. Adipisci ut quam cum et nulla quaerat vel.', 4, '2024-10-29 09:54:02', '2024-10-29 09:54:02'),
(55, 14, 'Daisha Collins', 'Qui sit vitae recusandae rem. Soluta libero qui et ut. Ut harum aut pariatur voluptatem eos voluptatem.', 1, '2024-10-29 09:54:02', '2024-10-29 09:54:02'),
(56, 14, 'Miss Kristy Berge', 'Autem odio voluptas eligendi nisi sequi fuga. Libero consequatur libero dolore saepe velit earum qui. Soluta sunt vel voluptas dolorem officia.', 1, '2024-10-29 09:54:02', '2024-10-29 09:54:02'),
(57, 15, 'Emmanuelle Heathcote', 'Est illum nostrum modi autem dolor dicta ut dolorum. Repellendus consequatur error quo qui aut quia nam. Eveniet excepturi rerum rerum distinctio fugit facilis dolor.', 3, '2024-10-29 09:54:02', '2024-10-29 09:54:02'),
(58, 15, 'Derick Batz', 'Et blanditiis laboriosam quia maxime et quae. Id consequatur omnis illo porro officiis enim. Consequatur laboriosam modi sint molestiae autem doloremque molestiae.', 1, '2024-10-29 09:54:02', '2024-10-29 09:54:02'),
(59, 15, 'Prof. Margarete Cassin PhD', 'Nobis aspernatur atque sapiente at ut veritatis accusantium ad. Voluptatem quo facilis ut voluptas. Tempora harum ea ut dolorem minima modi sapiente.', 3, '2024-10-29 09:54:02', '2024-10-29 09:54:02'),
(60, 15, 'Oswald Kihn', 'Voluptatem laudantium illum quis molestias dolores. Sed aperiam dolorum aliquid et excepturi. Non et reprehenderit explicabo nemo eum.', 5, '2024-10-29 09:54:02', '2024-10-29 09:54:02'),
(61, 16, 'Jarrod Jenkins', 'Saepe facilis consequatur facere qui deleniti consequatur. Repellendus debitis quasi laudantium aut autem. Ut omnis ut aut voluptatem. Modi nulla consequuntur ducimus sunt. Nobis aut repudiandae aut est doloremque magnam voluptatem.', 1, '2024-10-29 09:54:02', '2024-10-29 09:54:02'),
(62, 16, 'Deja Wyman', 'Voluptas at voluptas odit esse cumque eos consequatur. Et qui est hic illo nesciunt ea. Et ut officiis animi nostrum. Rerum adipisci qui voluptatem incidunt.', 4, '2024-10-29 09:54:02', '2024-10-29 09:54:02'),
(63, 16, 'Rose Pouros', 'Alias quaerat praesentium vero in eos qui libero. Explicabo dignissimos et est id explicabo omnis. Amet maxime aut illum libero.', 5, '2024-10-29 09:54:02', '2024-10-29 09:54:02'),
(64, 16, 'Prof. Mara Wyman', 'Impedit inventore magni est et laboriosam. Voluptas recusandae saepe provident omnis aliquid sint itaque rerum. Voluptatem dicta dolor ratione optio ut maiores iste.', 3, '2024-10-29 09:54:02', '2024-10-29 09:54:02'),
(65, 17, 'Kyra Kilback', 'Autem quia dolores voluptatem est impedit officia dolores. Dolor quia nisi cumque vero dolorem et et. Molestias non velit beatae ut omnis quia recusandae. Voluptas voluptatum magni nihil voluptatibus accusantium excepturi impedit sequi.', 2, '2024-10-29 09:54:02', '2024-10-29 09:54:02'),
(66, 17, 'Laurie Schimmel', 'Nihil nam eligendi saepe in molestias velit. Optio deleniti quisquam est qui nemo tenetur.', 5, '2024-10-29 09:54:02', '2024-10-29 09:54:02'),
(67, 17, 'Jarret DuBuque II', 'Sequi eligendi quos iste ipsum. Alias culpa et fugit. Veritatis error rerum qui iusto.', 3, '2024-10-29 09:54:02', '2024-10-29 09:54:02'),
(68, 17, 'Destin Lindgren', 'Numquam dolor quam vel numquam ut eum dolorem. Nobis ea aut fugit maiores magnam culpa. Officiis placeat voluptatibus nam quas at itaque non. Aliquam eum et rem.', 3, '2024-10-29 09:54:02', '2024-10-29 09:54:02'),
(69, 18, 'Meagan Effertz', 'Quidem molestias itaque blanditiis repudiandae tempora. Placeat blanditiis doloribus sint ratione et expedita. Dicta distinctio nostrum laboriosam beatae vel repellendus est aut.', 4, '2024-10-29 09:54:02', '2024-10-29 09:54:02'),
(70, 18, 'Loren Pacocha', 'Ducimus blanditiis tempore quo vero. Et maxime ratione numquam accusantium numquam. Ad omnis sequi esse enim numquam mollitia vel.', 3, '2024-10-29 09:54:02', '2024-10-29 09:54:02'),
(71, 18, 'Emiliano Kassulke', 'Ea sequi repudiandae voluptatibus voluptate. Cumque molestiae autem voluptates dolor eos cum deserunt dignissimos.', 2, '2024-10-29 09:54:02', '2024-10-29 09:54:02'),
(72, 18, 'Emerald Kutch', 'Voluptatem laboriosam sed pariatur quisquam minus qui. Eum tenetur amet id. Eum et odio earum incidunt placeat accusamus. Cumque eos omnis natus quo.', 1, '2024-10-29 09:54:02', '2024-10-29 09:54:02'),
(73, 19, 'Ethelyn Harris', 'Iusto voluptatem non beatae accusantium omnis quaerat aut accusamus. Qui qui libero non ab molestiae. Ut excepturi vitae debitis asperiores consequatur voluptatum. Neque est dolorem dolorum sunt magnam magnam animi magni.', 5, '2024-10-29 09:54:02', '2024-10-29 09:54:02'),
(74, 19, 'Skylar Bechtelar', 'Ut qui alias totam. Nihil doloribus sed maiores sit delectus quod. In sint et necessitatibus voluptas qui accusamus. Voluptate autem dolor rerum sunt et. Voluptates repudiandae ut alias et sit.', 5, '2024-10-29 09:54:02', '2024-10-29 09:54:02'),
(75, 19, 'Dr. Nigel Gibson', 'Dolore maiores quia laborum. Necessitatibus adipisci hic ipsum incidunt in non.', 3, '2024-10-29 09:54:02', '2024-10-29 09:54:02'),
(76, 19, 'Maryjane Kiehn', 'Impedit tempora sit corporis ut deserunt minus voluptas dolore. Laudantium possimus voluptatem dolorum est blanditiis exercitationem nesciunt consequatur. Qui aut nostrum enim iure. Repellat vel necessitatibus minima dolore et aut et corrupti.', 3, '2024-10-29 09:54:02', '2024-10-29 09:54:02'),
(77, 20, 'Delphia Daugherty', 'Et ut voluptatem dolorem in ut qui blanditiis. Non molestiae dignissimos voluptatum. Distinctio non delectus quia et veniam non. Qui quisquam voluptate asperiores omnis atque corporis non. Qui perferendis ut et assumenda eligendi iste eaque.', 2, '2024-10-29 09:54:02', '2024-10-29 09:54:02'),
(78, 20, 'Shania Boehm', 'Repellat quis voluptatem aperiam et ipsum velit in. Et et earum quibusdam perferendis. Quasi eos aperiam nisi ut.', 1, '2024-10-29 09:54:02', '2024-10-29 09:54:02'),
(79, 20, 'Sylvia Boehm', 'Eius qui illo distinctio aliquam doloribus. Reiciendis optio eveniet distinctio non quia inventore in. Possimus rerum consequatur sunt ratione ea. Quisquam quae adipisci voluptatum error.', 4, '2024-10-29 09:54:02', '2024-10-29 09:54:02'),
(80, 20, 'Elizabeth Lebsack', 'Natus dolor suscipit iusto et harum inventore. Commodi quisquam voluptatum ullam est laborum. Repellat alias ducimus dolor velit nisi ea aut.', 3, '2024-10-29 09:54:02', '2024-10-29 09:54:02'),
(81, 21, 'Tomasa Ledner', 'Tenetur atque quia officia voluptatem veritatis vel. Ea ex dolore maiores omnis aut amet. Deserunt ipsa quia asperiores minus ut eum quia. Et reiciendis libero consequatur.', 1, '2024-10-29 09:54:02', '2024-10-29 09:54:02'),
(82, 21, 'Stefanie Hill', 'Sed laborum sunt id odio voluptas eveniet et. Iste in accusantium sed libero. Vel ab aut consequatur temporibus. Facilis sapiente architecto et delectus dolorem.', 3, '2024-10-29 09:54:02', '2024-10-29 09:54:02'),
(83, 21, 'Magnus Nikolaus', 'Quo rem consequatur dolor aliquam minima nihil. Nisi labore nulla perferendis debitis. Ea reprehenderit dolores dolores.', 1, '2024-10-29 09:54:02', '2024-10-29 09:54:02'),
(84, 21, 'Mable Powlowski', 'Autem totam non enim ea aut dicta. Et ea ullam voluptas corporis quis doloribus voluptatem deserunt. Aut numquam exercitationem accusamus doloremque sed.', 4, '2024-10-29 09:54:02', '2024-10-29 09:54:02'),
(85, 22, 'Concepcion Runolfsdottir I', 'Saepe impedit minus veniam expedita. Aliquam minima et ut corrupti. Aliquid porro iure reprehenderit doloremque incidunt sed ut fuga. Cumque vero sed qui blanditiis eos iusto.', 4, '2024-10-29 09:54:02', '2024-10-29 09:54:02'),
(86, 22, 'Liliane Hane', 'Optio aut sed accusamus libero dolore iste vitae. Alias quaerat ratione quasi dolorem corporis non.', 4, '2024-10-29 09:54:02', '2024-10-29 09:54:02'),
(87, 22, 'Emely Kris DDS', 'Aut dolores veritatis consectetur provident voluptatum. Dolorem cum consequuntur blanditiis iusto. Possimus voluptatem illo error mollitia est ex cum. Totam eveniet quis sit rerum voluptatum et. Distinctio vel natus est nulla similique veniam et ut.', 1, '2024-10-29 09:54:02', '2024-10-29 09:54:02'),
(88, 22, 'Robyn Durgan', 'At praesentium labore fugiat sint minima itaque et. Possimus repellat optio natus est ex similique. Quos deserunt autem in explicabo explicabo. Laudantium modi cupiditate ipsum omnis adipisci.', 5, '2024-10-29 09:54:02', '2024-10-29 09:54:02'),
(89, 23, 'Bryon Ryan V', 'Necessitatibus animi quam sint consequuntur at. Labore quos quas nemo sed. Vel necessitatibus est consequuntur sed et saepe rerum distinctio.', 4, '2024-10-29 09:54:02', '2024-10-29 09:54:02'),
(90, 23, 'Prof. Maxie Hane', 'Sapiente numquam voluptates qui quo doloribus. Animi asperiores in dolorem qui. Qui laboriosam doloremque ut id ut.', 1, '2024-10-29 09:54:02', '2024-10-29 09:54:02'),
(91, 23, 'Adelbert Bayer', 'Voluptates et ut aut sunt veniam et vel. Aut cum voluptas dolores accusamus id. Consequatur aut odit modi sed soluta. Officia consequatur sint at itaque quia et suscipit facere.', 5, '2024-10-29 09:54:02', '2024-10-29 09:54:02'),
(92, 23, 'Katelynn Stokes', 'Fugiat vel tempore maiores sequi. Quae assumenda nostrum libero aut odio qui tempora. Atque vel omnis dolorem dicta autem odio et sed.', 4, '2024-10-29 09:54:02', '2024-10-29 09:54:02'),
(93, 24, 'Rebeca Robel', 'Pariatur in in sunt accusantium vel omnis porro. Qui dolor vero et tenetur maiores fugit.', 3, '2024-10-29 09:54:02', '2024-10-29 09:54:02'),
(94, 24, 'Kyleigh Kuhlman', 'Dolorem rerum voluptatem sunt aut at ea voluptatem enim. Nihil doloribus aperiam incidunt. Ratione dolore animi qui. Porro eligendi impedit quia id adipisci.', 1, '2024-10-29 09:54:02', '2024-10-29 09:54:02'),
(95, 24, 'Mr. Kolby Tromp', 'Quis ut minus voluptates aliquam. Veritatis aliquam perferendis qui et qui voluptate ut.', 2, '2024-10-29 09:54:02', '2024-10-29 09:54:02'),
(96, 24, 'Prof. Efrain Turner', 'Earum magni et adipisci quaerat qui. Illo assumenda fugiat aperiam et minus quod libero explicabo. Suscipit omnis numquam adipisci aliquid. Qui commodi illum illo quibusdam hic eos.', 3, '2024-10-29 09:54:02', '2024-10-29 09:54:02'),
(97, 25, 'Prof. Jennings Buckridge MD', 'Porro vitae quisquam aut fuga cumque. Voluptatum iste voluptatibus soluta quia quia distinctio accusamus. Dolorem perferendis vel est magni alias. Reprehenderit quidem id est dolores et tempore.', 2, '2024-10-29 09:54:02', '2024-10-29 09:54:02'),
(98, 25, 'Ian Rau', 'Error sunt quia libero quidem sapiente tenetur sit. Debitis est esse nemo non impedit. Amet non quaerat nisi vel sint qui iusto nihil. Expedita quia incidunt eaque ut minus eos nihil.', 4, '2024-10-29 09:54:02', '2024-10-29 09:54:02'),
(99, 25, 'Orville Powlowski', 'Reprehenderit sunt autem necessitatibus. Ad iste culpa rerum quo et sed. Et expedita delectus et. Ut quaerat reiciendis quam eligendi velit ab.', 1, '2024-10-29 09:54:02', '2024-10-29 09:54:02'),
(100, 25, 'Wilburn Moore V', 'Tempora velit sapiente facere culpa sunt impedit. Quae beatae qui et dolores odio quia asperiores. Voluptatem repudiandae ipsam vel dolore voluptatem impedit.', 1, '2024-10-29 09:54:02', '2024-10-29 09:54:02'),
(101, 26, 'Hortense Stiedemann PhD', 'Aspernatur aspernatur voluptas sit. Sit dolores aut corrupti repudiandae tenetur eum. Est nemo consectetur ipsum magni cum sunt eligendi.', 2, '2024-10-29 09:54:02', '2024-10-29 09:54:02'),
(102, 26, 'Mr. Marlon Koss', 'Saepe deserunt perspiciatis et. Voluptas veniam architecto aliquid ab quam molestias quis. Repellendus dolorum excepturi molestiae aut ratione recusandae.', 4, '2024-10-29 09:54:02', '2024-10-29 09:54:02'),
(103, 26, 'Brad Bauch', 'Aut est aut repudiandae est alias maxime earum. Numquam sit qui nihil nihil. Qui provident voluptas fugit quae saepe voluptatem. Odio dolores adipisci culpa architecto.', 4, '2024-10-29 09:54:02', '2024-10-29 09:54:02'),
(104, 26, 'Tanner Spinka', 'Sed ut nesciunt nemo ut. Fuga placeat culpa a perspiciatis itaque. Distinctio consequatur nemo vel velit corrupti vitae totam.', 2, '2024-10-29 09:54:02', '2024-10-29 09:54:02'),
(105, 27, 'Dr. Regan Schmidt PhD', 'Porro amet iste nostrum praesentium quo saepe. Dolor possimus error unde. Et fugit quos expedita et. Dolorem quam doloribus itaque quia est.', 2, '2024-10-29 09:54:02', '2024-10-29 09:54:02'),
(106, 27, 'Libby Rowe', 'Aliquid autem magnam aliquid qui quos id qui. Est impedit eius error asperiores cupiditate.', 3, '2024-10-29 09:54:02', '2024-10-29 09:54:02'),
(107, 27, 'Miss Oceane Crona MD', 'Quos labore eos rerum aut quidem et dolores beatae. Velit qui est non et amet quos. Maxime qui possimus accusantium quia.', 4, '2024-10-29 09:54:02', '2024-10-29 09:54:02'),
(108, 27, 'Zoey Ziemann MD', 'Voluptatum sit et id fugiat. In numquam amet atque vero soluta est autem. Illo qui incidunt repellat assumenda est similique adipisci.', 5, '2024-10-29 09:54:02', '2024-10-29 09:54:02'),
(109, 28, 'Anya Hirthe', 'Incidunt qui qui voluptas officiis non minima amet. Molestiae ex nesciunt quia voluptatem voluptatem quam quisquam. Magnam quia ut fugiat velit. Sunt quis sed quia ut et. Deleniti optio quia iste iusto.', 1, '2024-10-29 09:54:02', '2024-10-29 09:54:02'),
(110, 28, 'Mathew Roberts', 'Asperiores et assumenda repudiandae qui repellendus ratione. Ut aut reprehenderit cupiditate iure. Assumenda voluptas earum molestiae ullam labore et.', 1, '2024-10-29 09:54:02', '2024-10-29 09:54:02'),
(111, 28, 'Coby Williamson', 'Et consequatur dolore quas sunt rerum molestias possimus non. Totam porro sed iste autem. Dolor nobis repellendus velit beatae qui voluptatum fugit. Voluptatem ut sint aut aut magni explicabo nulla.', 2, '2024-10-29 09:54:02', '2024-10-29 09:54:02'),
(112, 28, 'Darrin Kshlerin', 'Delectus necessitatibus et autem laboriosam facilis. Numquam nesciunt quia asperiores nihil vel ratione labore deleniti. Rem vitae consequuntur ut corporis.', 4, '2024-10-29 09:54:02', '2024-10-29 09:54:02'),
(113, 29, 'Della Fritsch', 'Aut unde adipisci ratione accusamus beatae facilis quasi. Facilis assumenda est corporis veritatis et reprehenderit tempora. Inventore quia animi culpa et.', 1, '2024-10-29 09:54:02', '2024-10-29 09:54:02'),
(114, 29, 'Margaretta Dibbert', 'Alias quo iure assumenda saepe. Autem ipsam in tempora. Perspiciatis consequatur quod quidem consequatur et.', 3, '2024-10-29 09:54:02', '2024-10-29 09:54:02'),
(115, 29, 'Dr. Dameon Ferry', 'Aliquam et dolorem optio sequi quis nihil quia. Quos et occaecati nisi minus excepturi et est illum. Incidunt id reiciendis iste nobis dignissimos et vitae error. Tempore porro nulla asperiores asperiores.', 1, '2024-10-29 09:54:02', '2024-10-29 09:54:02'),
(116, 29, 'Delfina Predovic DVM', 'Eum ad dolor eum asperiores placeat. Alias tempore nulla itaque facilis hic voluptatem ut. Eum labore necessitatibus eaque esse.', 1, '2024-10-29 09:54:02', '2024-10-29 09:54:02'),
(117, 30, 'Dr. Herminia Balistreri Jr.', 'Totam similique in quisquam rerum et odit est. Et vero non voluptatem a ex eum id. Vero porro laborum illum quo eum.', 2, '2024-10-29 09:54:02', '2024-10-29 09:54:02'),
(118, 30, 'Omer Corwin', 'Esse provident iste ad architecto qui ut id aut. Et et inventore optio molestias modi quidem. Nobis est fugiat autem recusandae iusto. Aperiam quo ipsa dolorem.', 4, '2024-10-29 09:54:02', '2024-10-29 09:54:02'),
(119, 30, 'Glen Conn', 'Consectetur quos consequatur et explicabo quam sunt aut quae. Perferendis et et autem voluptatibus. Ut et tempora rerum ea odio autem ipsam.', 3, '2024-10-29 09:54:02', '2024-10-29 09:54:02'),
(120, 30, 'Prof. Quinten Gerhold', 'Voluptatibus nisi accusamus veniam rerum reprehenderit enim. Sint porro est dignissimos sunt. Consequatur praesentium voluptate recusandae quia. Iure dolorem blanditiis vero.', 5, '2024-10-29 09:54:02', '2024-10-29 09:54:02'),
(121, 31, 'Mrs. Onie Jaskolski V', 'Voluptates recusandae fugit natus iusto est ratione corrupti. Ipsam cum amet cupiditate accusamus. Quis eveniet et rem.', 2, '2024-10-29 09:54:02', '2024-10-29 09:54:02'),
(122, 31, 'Jadon Lowe', 'Aut aperiam ipsa harum esse. Ut natus velit totam qui placeat et. Facilis autem mollitia voluptatum tenetur. Sit cum quia mollitia repudiandae minus vel quos.', 1, '2024-10-29 09:54:02', '2024-10-29 09:54:02'),
(123, 31, 'Leopold Collins', 'Ipsam ullam recusandae nihil nesciunt temporibus id. Assumenda dolores cupiditate veritatis quod non necessitatibus omnis. Eos nihil neque id libero.', 4, '2024-10-29 09:54:02', '2024-10-29 09:54:02'),
(124, 31, 'Jermey Lind', 'Nemo necessitatibus ut optio. Illo qui placeat illum soluta itaque. Labore alias ab vel. Unde a deserunt eum iure aut accusamus et.', 2, '2024-10-29 09:54:02', '2024-10-29 09:54:02'),
(125, 32, 'Anna Weimann', 'Sed dolor libero minima error. Molestias aut ipsa fugiat dignissimos earum saepe distinctio fugiat. Est voluptas sint ut rerum veniam minus. Consectetur nisi deserunt ipsum est.', 3, '2024-10-29 09:54:02', '2024-10-29 09:54:02'),
(126, 32, 'Cristal Bednar', 'Minus quam vitae consequatur beatae molestiae inventore. Aperiam soluta laboriosam necessitatibus enim maxime voluptas molestias inventore. Aspernatur quia quis ut cum.', 1, '2024-10-29 09:54:02', '2024-10-29 09:54:02'),
(127, 32, 'Josianne Cormier', 'Eos sed est nesciunt qui alias. Architecto aliquid vitae aut laborum. Est quis molestiae vero in quam consectetur est.', 4, '2024-10-29 09:54:02', '2024-10-29 09:54:02'),
(128, 32, 'Mrs. Aniyah Leannon V', 'A consequatur ut consequatur nesciunt. Unde sint necessitatibus rerum aspernatur eum quod soluta. Nisi nulla molestias consectetur dolores natus delectus sapiente.', 1, '2024-10-29 09:54:02', '2024-10-29 09:54:02'),
(129, 33, 'Ms. Lilyan Haag MD', 'Aut consequuntur quia voluptatum nostrum voluptatem non aspernatur. Delectus commodi ipsum nihil qui rem. Quo at velit perspiciatis reprehenderit iusto quod a cupiditate. Illo modi et illum facere enim.', 5, '2024-10-29 09:54:02', '2024-10-29 09:54:02'),
(130, 33, 'Dr. Flavio Simonis III', 'Sed et ut in laudantium sit nam asperiores et. Ipsa est beatae molestias harum. Velit sunt ad qui magnam.', 2, '2024-10-29 09:54:02', '2024-10-29 09:54:02'),
(131, 33, 'Prof. Lavonne Dach', 'Quae veniam sed officiis quia rerum temporibus excepturi. Iusto quibusdam quo quod rerum quia et. Cumque sapiente dolores deserunt. Consequuntur et sed cum aliquid ipsam atque.', 4, '2024-10-29 09:54:02', '2024-10-29 09:54:02'),
(132, 33, 'Justina Breitenberg', 'Rerum voluptate facilis enim recusandae nesciunt incidunt qui. Vero sit sit qui. Est reprehenderit eum rem.', 2, '2024-10-29 09:54:02', '2024-10-29 09:54:02'),
(133, 34, 'Ms. Beverly Schroeder V', 'Adipisci ut quo aut veritatis nulla. Explicabo natus saepe placeat est. Facere id sunt a repellendus aut officiis quis. Repellendus atque et porro consectetur voluptas neque.', 1, '2024-10-29 09:54:02', '2024-10-29 09:54:02'),
(134, 34, 'Ines Carroll', 'Saepe et ex dolorem eveniet quia. Doloremque aspernatur autem sequi rerum ea vel. Facilis vel consequuntur quam facilis autem natus molestiae deserunt.', 5, '2024-10-29 09:54:02', '2024-10-29 09:54:02'),
(135, 34, 'Agnes Will DVM', 'Voluptate et aut vel reiciendis eos quis earum provident. Unde suscipit sint esse. Consequatur quas ratione quis maiores.', 3, '2024-10-29 09:54:02', '2024-10-29 09:54:02'),
(136, 34, 'Stephanie Flatley DVM', 'In nesciunt dolor ullam sed veritatis eveniet dolorem. Dignissimos natus sapiente quo rerum eum aut sunt facilis. Praesentium facilis sunt molestiae. Est aut aspernatur id cupiditate autem.', 3, '2024-10-29 09:54:02', '2024-10-29 09:54:02'),
(137, 35, 'Dr. Brice Schaden', 'Ut adipisci sint quia quo accusamus ut architecto. Quia optio labore repellendus. Cumque non libero modi. Cumque incidunt sed rerum voluptate ut et sunt.', 4, '2024-10-29 09:54:02', '2024-10-29 09:54:02'),
(138, 35, 'Graham Zieme', 'Voluptas ipsam eligendi veritatis recusandae. Illo ut eveniet et aut laboriosam. Accusantium ipsa ut et veniam dolorem facilis dignissimos.', 1, '2024-10-29 09:54:02', '2024-10-29 09:54:02'),
(139, 35, 'Andres Gorczany', 'Temporibus vitae sit incidunt. Quae nemo autem culpa enim veritatis. Earum autem repellat eligendi laudantium cumque.', 4, '2024-10-29 09:54:02', '2024-10-29 09:54:02'),
(140, 35, 'Fay Hickle', 'Commodi quasi consequuntur velit omnis alias. Nobis molestiae amet hic voluptatem. Reiciendis ullam nobis dolores minus reprehenderit.', 1, '2024-10-29 09:54:02', '2024-10-29 09:54:02'),
(141, 36, 'Kennedi Conroy Sr.', 'Fugit voluptate eum esse et. Aliquid et qui distinctio animi nostrum eveniet. Iure ut sunt esse itaque eius vel fugit minus.', 1, '2024-10-29 09:54:02', '2024-10-29 09:54:02'),
(142, 36, 'Felicity Herman', 'Libero optio inventore error aut necessitatibus est. Eaque quos aut quos id sunt. Recusandae sit facilis rem molestiae.', 2, '2024-10-29 09:54:02', '2024-10-29 09:54:02'),
(143, 36, 'Prof. Donna Runolfsdottir Jr.', 'Rerum pariatur illum non incidunt ea fuga tenetur. Molestiae dolorem et voluptatem. Sint vitae officia numquam perferendis pariatur eius qui. Autem tenetur non consequatur id et ratione ea.', 2, '2024-10-29 09:54:02', '2024-10-29 09:54:02'),
(144, 36, 'Lavinia Halvorson', 'Debitis necessitatibus ut commodi rerum eos. Est optio aspernatur ratione animi molestiae voluptate et. Ratione voluptas eligendi consectetur rerum quaerat dolores laudantium nobis. Quis et sed ut non explicabo neque quia.', 3, '2024-10-29 09:54:02', '2024-10-29 09:54:02'),
(145, 37, 'Lola Ryan', 'Sequi cum est commodi voluptas pariatur et error. Commodi quos dolorem alias consequatur libero. Error et expedita corporis dolor repellendus. Quia et est sequi dicta atque.', 5, '2024-10-29 09:54:02', '2024-10-29 09:54:02'),
(146, 37, 'Mrs. Verna Crooks', 'Vel iste nisi et ut nihil. Earum quod quisquam et. Magnam eius et necessitatibus optio ipsum id. Exercitationem beatae vero possimus molestias. Quae vel natus distinctio rem quis unde minus.', 2, '2024-10-29 09:54:02', '2024-10-29 09:54:02'),
(147, 37, 'Willie Reichert I', 'Facilis exercitationem maxime distinctio aspernatur sequi. Aut incidunt dolorem perferendis a perspiciatis. At reprehenderit delectus distinctio sunt numquam saepe tenetur. Consequatur debitis provident est dolorem. Eveniet dolorem tempore qui voluptatem quidem voluptas laborum.', 1, '2024-10-29 09:54:02', '2024-10-29 09:54:02'),
(148, 37, 'Miss Matilda Wisozk', 'Voluptatem sapiente ut qui omnis. Quae illo quos et fuga cum id ut. Enim qui pariatur laboriosam maxime.', 5, '2024-10-29 09:54:02', '2024-10-29 09:54:02'),
(149, 38, 'Eunice Harber', 'Ut nemo atque atque voluptates. Excepturi suscipit ut fugit aut. Soluta autem magnam harum enim placeat vitae non. Ratione dolore voluptatem rerum repudiandae aspernatur sit.', 5, '2024-10-29 09:54:02', '2024-10-29 09:54:02'),
(150, 38, 'Mrs. Marisa Auer MD', 'Sit velit repudiandae consectetur ex voluptas eos et. Sequi ab adipisci aliquam explicabo. Voluptatem quia est dicta quos quis et. Et possimus quisquam molestiae vero.', 1, '2024-10-29 09:54:02', '2024-10-29 09:54:02'),
(151, 38, 'Lela Cruickshank', 'Quam quia accusamus inventore quae. Quasi dicta libero corrupti qui voluptatum sint assumenda. Commodi quis velit voluptatibus enim vitae.', 4, '2024-10-29 09:54:02', '2024-10-29 09:54:02'),
(152, 38, 'Boris Ward', 'Consequatur similique quis explicabo quas aspernatur. Voluptatum iure doloremque rerum ipsam perspiciatis sunt. At ipsam iure quasi minus ab.', 5, '2024-10-29 09:54:02', '2024-10-29 09:54:02'),
(153, 39, 'Deshawn Gerhold', 'Culpa ut laborum distinctio omnis tenetur dicta. Beatae quia voluptatem qui odit. Modi exercitationem est non incidunt ipsam et doloremque quod.', 1, '2024-10-29 09:54:02', '2024-10-29 09:54:02'),
(154, 39, 'Ms. Diana Crona', 'Est molestias aut officia expedita neque. Vel minus quam in consectetur. Et eius vel rerum autem repellendus. Reprehenderit excepturi quo ea beatae pariatur.', 1, '2024-10-29 09:54:02', '2024-10-29 09:54:02'),
(155, 39, 'Alek Wolff', 'Incidunt sed et tenetur et molestiae natus iusto. A ea autem odio et. Iste corporis reiciendis adipisci necessitatibus. Occaecati vel officiis itaque animi magni similique.', 2, '2024-10-29 09:54:02', '2024-10-29 09:54:02'),
(156, 39, 'Deven Schaefer', 'Quasi nam expedita voluptas molestias. Inventore voluptate fugiat ea occaecati sed rerum. Et qui quibusdam ipsum enim.', 1, '2024-10-29 09:54:02', '2024-10-29 09:54:02'),
(157, 40, 'Guillermo Olson', 'Provident molestiae dolores expedita molestiae deleniti. Quia molestias magnam in sit non sint. Tempora qui aut quas saepe aperiam.', 3, '2024-10-29 09:54:02', '2024-10-29 09:54:02'),
(158, 40, 'Michelle White', 'Veritatis voluptatum quod laudantium quia eaque autem. Et incidunt magni repudiandae asperiores ut debitis.', 1, '2024-10-29 09:54:02', '2024-10-29 09:54:02'),
(159, 40, 'Miss Hope Gottlieb', 'Minima repellat et laborum iste voluptatibus earum placeat. Sit delectus inventore qui alias deserunt est porro. Eveniet aspernatur pariatur enim.', 3, '2024-10-29 09:54:02', '2024-10-29 09:54:02'),
(160, 40, 'Abdiel Bechtelar', 'Dolores est enim tempora aut. Sit fugiat placeat iusto. Sed non voluptatem totam. Aperiam natus deserunt delectus esse mollitia consequatur aut qui. Magni quia consequuntur a sed vitae.', 4, '2024-10-29 09:54:02', '2024-10-29 09:54:02'),
(161, 41, 'Ashly Weimann', 'Sunt et dolorem sunt nemo rerum. Dolor deleniti qui ullam aut magni quisquam officia. Dolorum repellendus aliquam illum amet ab velit delectus.', 1, '2024-10-29 09:54:02', '2024-10-29 09:54:02'),
(162, 41, 'Caden Robel DVM', 'Animi et amet nam aliquid ut. Sint eveniet labore cupiditate ea. Odio laborum numquam dolorem quaerat tempore est. Ipsum facilis veniam magni id culpa laudantium labore non.', 2, '2024-10-29 09:54:02', '2024-10-29 09:54:02'),
(163, 41, 'America Hyatt', 'Explicabo et quisquam voluptas omnis. Possimus natus itaque voluptatem harum non. Fugit omnis quos quia voluptas et quia nisi. Magni quis ratione eius odio nisi.', 4, '2024-10-29 09:54:02', '2024-10-29 09:54:02'),
(164, 41, 'Brianne Hansen', 'Dicta nobis similique aut necessitatibus. Quisquam distinctio dolor eos doloribus. Iste ut eius ut quia facilis hic praesentium praesentium. Adipisci deserunt et et cumque molestiae assumenda laudantium. Non laudantium et et inventore sunt distinctio quam.', 2, '2024-10-29 09:54:02', '2024-10-29 09:54:02'),
(165, 42, 'Hollie Lemke', 'Est sint error maxime sit. Blanditiis commodi nulla vel et quibusdam quo. Ut fugit animi provident odit molestias temporibus omnis. Ut quos ut consequatur dolorem laborum quam reiciendis nulla.', 3, '2024-10-29 09:54:02', '2024-10-29 09:54:02'),
(166, 42, 'Brycen Rohan', 'Cumque perferendis id aut accusantium vero possimus deserunt. Ut autem earum quod officia. Sed animi ullam placeat tempora quas. Omnis ipsum aspernatur voluptatem distinctio ducimus sunt vel.', 1, '2024-10-29 09:54:02', '2024-10-29 09:54:02'),
(167, 42, 'Darlene Lueilwitz III', 'Nam laboriosam at voluptatem itaque et quia. Pariatur necessitatibus perspiciatis dolorem voluptatem recusandae. Cum beatae nihil eius consequuntur. Non natus et quo enim.', 3, '2024-10-29 09:54:02', '2024-10-29 09:54:02'),
(168, 42, 'Sonia Strosin', 'Enim quia voluptatem ab. Sapiente voluptatum quia dolores iure aut autem iure. Reprehenderit rerum est delectus quod impedit repellat quos. Non aut non dicta quasi.', 3, '2024-10-29 09:54:02', '2024-10-29 09:54:02'),
(169, 43, 'Mitchel Collier', 'Et sed officiis illo dolores. Voluptas quia occaecati nobis recusandae a.', 5, '2024-10-29 09:54:02', '2024-10-29 09:54:02'),
(170, 43, 'Norma Mueller', 'Vitae amet et dolorem voluptates. Hic modi ea et et voluptatem. Alias est consequatur dolor sint iste adipisci maiores. Et aperiam inventore delectus nesciunt repellat placeat.', 5, '2024-10-29 09:54:02', '2024-10-29 09:54:02'),
(171, 43, 'Ms. Stephany Anderson', 'Numquam autem modi eum nihil. Facilis labore quas rerum accusamus qui. Veritatis laudantium vel dolor architecto aut porro veritatis consectetur. Et dolores illum debitis voluptatem qui nostrum ducimus.', 3, '2024-10-29 09:54:02', '2024-10-29 09:54:02'),
(172, 43, 'Jerel Zemlak PhD', 'Ut qui quod qui laboriosam. Velit dolor eius voluptatem libero. Quaerat in vero velit ducimus provident. Facere veritatis qui consequatur vitae quasi deserunt magnam.', 1, '2024-10-29 09:54:02', '2024-10-29 09:54:02'),
(173, 44, 'Skylar Gerlach', 'Similique non quis exercitationem voluptatem velit. Dignissimos nemo fugiat explicabo nihil sunt consequatur rerum molestiae. Rerum repellat sunt sint nihil natus. Reiciendis repudiandae recusandae deserunt magnam.', 5, '2024-10-29 09:54:02', '2024-10-29 09:54:02'),
(174, 44, 'Gisselle Swaniawski', 'Deleniti ipsam beatae nostrum molestiae. Voluptates ullam quis explicabo fugit tempora minus. Eos commodi iusto qui nobis quas in hic vitae. Magni fugit eveniet nam natus.', 3, '2024-10-29 09:54:02', '2024-10-29 09:54:02'),
(175, 44, 'Prof. Marquise Stoltenberg V', 'Ratione rerum nesciunt sit ut consequuntur non. Enim id tenetur placeat est. Dolorem modi consectetur possimus aut rem.', 4, '2024-10-29 09:54:02', '2024-10-29 09:54:02'),
(176, 44, 'Miss Theresa Stroman V', 'Nihil eum quam iure. Ab aut doloribus aut quos dolorum recusandae rerum quis. Placeat ut nesciunt voluptas enim adipisci repellat in.', 3, '2024-10-29 09:54:02', '2024-10-29 09:54:02'),
(177, 45, 'Miss Yasmin Hermann V', 'Non voluptas enim tenetur et quidem optio fugit. Excepturi eum dolore aut sit totam rerum ut doloribus. Voluptatum quibusdam amet dignissimos ut occaecati. Aut maiores ut autem excepturi.', 5, '2024-10-29 09:54:02', '2024-10-29 09:54:02'),
(178, 45, 'Mathias Crist', 'Ullam ullam mollitia quia hic et culpa rem asperiores. Unde ut dolor modi illo quaerat molestiae est consequatur. Ipsam et et ad et. Qui debitis ut officiis ullam laboriosam et quaerat.', 5, '2024-10-29 09:54:02', '2024-10-29 09:54:02'),
(179, 45, 'Noemie Marks', 'Ducimus temporibus voluptatem dicta vel. Dolore rem qui officia dolorum aspernatur. Et nisi id autem odit repellat dolores maxime. Minima inventore est quia labore ducimus porro. Facilis laudantium harum totam molestiae temporibus maiores.', 4, '2024-10-29 09:54:02', '2024-10-29 09:54:02'),
(180, 45, 'Jarod McCullough', 'Quos esse eius accusamus illo dolore illo ab. Dolor aut praesentium excepturi accusamus dolore qui. Blanditiis rerum rerum pariatur voluptas.', 1, '2024-10-29 09:54:02', '2024-10-29 09:54:02'),
(181, 46, 'Misael Mitchell', 'Aut in est aut. Porro quisquam expedita tenetur voluptate vitae doloremque eveniet. Omnis quibusdam iste qui consequatur exercitationem quia. Dolorem minus deserunt quae soluta doloremque qui.', 1, '2024-10-29 09:54:02', '2024-10-29 09:54:02'),
(182, 46, 'Ms. Rebecca Erdman MD', 'Recusandae sapiente quas minus. Illo sit est fuga tempora quae animi. Labore illo dolore nisi incidunt cumque aut.', 1, '2024-10-29 09:54:02', '2024-10-29 09:54:02'),
(183, 46, 'Santina Mertz', 'Quam vel nisi id ut maxime. Reprehenderit aut asperiores quia sequi molestiae sunt molestias. Voluptate quis ut facilis. Voluptatem sed reprehenderit velit debitis cupiditate.', 2, '2024-10-29 09:54:02', '2024-10-29 09:54:02'),
(184, 46, 'William Jast Jr.', 'Error et cupiditate aperiam quia impedit debitis illum. Quibusdam minus exercitationem libero omnis blanditiis debitis. Temporibus non voluptas porro non magni. Officiis aliquam ex dolor est.', 1, '2024-10-29 09:54:02', '2024-10-29 09:54:02'),
(185, 47, 'Randall Sporer', 'Autem error amet et fugiat odio earum et. Nihil eos aut tempore minima.', 3, '2024-10-29 09:54:02', '2024-10-29 09:54:02'),
(186, 47, 'Ms. Anjali D\'Amore MD', 'Optio quibusdam aperiam in inventore qui. Repellendus aut et consequatur iure deserunt et quaerat. In labore alias aspernatur dolor provident voluptatem. Cum velit explicabo possimus qui voluptas repellendus soluta qui.', 1, '2024-10-29 09:54:02', '2024-10-29 09:54:02'),
(187, 47, 'Prof. Sarah Donnelly Jr.', 'Ducimus rerum iure autem ea et consequuntur. Vitae cumque quisquam consequatur hic pariatur quidem. Quam at harum voluptatem quos iure.', 3, '2024-10-29 09:54:02', '2024-10-29 09:54:02'),
(188, 47, 'Harry Koss', 'Magnam qui consequatur accusantium natus. Id sed velit similique velit. Dolor aut voluptates repudiandae nihil ipsam. Eum accusamus eum ullam rerum. Voluptate reprehenderit repellendus error quod quo at.', 3, '2024-10-29 09:54:02', '2024-10-29 09:54:02'),
(189, 48, 'Mrs. Sadie Ryan', 'Ea occaecati incidunt praesentium veniam quidem dolorem. Excepturi veritatis et sed nihil veritatis. Temporibus aut quis cum eaque atque impedit. Quos numquam vero est ut.', 1, '2024-10-29 09:54:02', '2024-10-29 09:54:02'),
(190, 48, 'Ayden Fay', 'Eos vel provident similique in natus. Voluptatibus rerum id in sapiente.', 2, '2024-10-29 09:54:02', '2024-10-29 09:54:02'),
(191, 48, 'Selena Sipes', 'Alias consequatur laudantium dicta et eum animi ea. Numquam impedit voluptate nostrum ut alias sunt sit. Et ducimus voluptatem ex eum. Totam eum libero molestiae nisi perferendis error aliquam quas.', 4, '2024-10-29 09:54:02', '2024-10-29 09:54:02'),
(192, 48, 'Cesar Howell', 'Voluptas non sequi facilis quia consequatur consequatur. Molestiae et mollitia eos.', 1, '2024-10-29 09:54:02', '2024-10-29 09:54:02'),
(193, 49, 'Meda Reichert', 'Nostrum eaque mollitia corrupti exercitationem labore qui quis. Tempora occaecati dolores sunt asperiores aut aut. Enim et voluptate est temporibus.', 4, '2024-10-29 09:54:02', '2024-10-29 09:54:02'),
(194, 49, 'Ramona Robel', 'Sed beatae aut molestiae magnam ea. Consequatur eum quis illum rerum aut deleniti. Non repellat est consequuntur amet. Tempora sapiente dolor non ut et esse et repellendus.', 1, '2024-10-29 09:54:02', '2024-10-29 09:54:02'),
(195, 49, 'Mrs. Raina Rosenbaum', 'Fugiat odio saepe omnis. Quo omnis molestiae vel vel. Molestiae ipsa nihil vero hic nesciunt corporis odit. Quasi culpa tenetur accusantium consequatur nulla.', 1, '2024-10-29 09:54:02', '2024-10-29 09:54:02'),
(196, 49, 'Garrett Jacobson', 'Assumenda tempore necessitatibus delectus culpa voluptatem. Tempore repellat id voluptatem dolor aspernatur quia eius. Qui impedit enim non enim sequi in doloremque. Eveniet optio est dolor id est cumque tenetur.', 5, '2024-10-29 09:54:02', '2024-10-29 09:54:02'),
(197, 50, 'Mrs. Cali Ortiz', 'Et veritatis voluptatem explicabo in omnis cupiditate dolor. Quo libero necessitatibus omnis consequuntur sit laboriosam repellendus. Hic magni voluptas quos et laudantium iure.', 4, '2024-10-29 09:54:02', '2024-10-29 09:54:02'),
(198, 50, 'Luigi Rempel', 'Nesciunt porro quia necessitatibus et ipsam eum repudiandae. Consectetur aut sit optio quisquam sunt rerum enim.', 4, '2024-10-29 09:54:02', '2024-10-29 09:54:02'),
(199, 50, 'Isaias Murazik', 'Ut qui rem quasi quia. Dolorem explicabo et quisquam sit qui recusandae quos. Aut ab provident voluptas hic vitae ea debitis. Laborum non quam asperiores fugiat quis.', 4, '2024-10-29 09:54:02', '2024-10-29 09:54:02'),
(200, 50, 'Mr. Wilmer Upton', 'Rerum voluptatem et repellendus quis. Quo veniam magni iusto ipsum beatae ipsum doloribus.', 4, '2024-10-29 09:54:02', '2024-10-29 09:54:02');

-- --------------------------------------------------------

--
-- Table structure for table `sessions`
--

CREATE TABLE `sessions` (
  `id` varchar(255) NOT NULL,
  `user_id` bigint(20) UNSIGNED DEFAULT NULL,
  `ip_address` varchar(45) DEFAULT NULL,
  `user_agent` text DEFAULT NULL,
  `payload` longtext NOT NULL,
  `last_activity` int(11) NOT NULL
) ENGINE=InnoDB DEFAULT CHARSET=utf8mb4 COLLATE=utf8mb4_unicode_ci;

-- --------------------------------------------------------

--
-- Table structure for table `users`
--

CREATE TABLE `users` (
  `id` bigint(20) UNSIGNED NOT NULL,
  `name` varchar(255) NOT NULL,
  `email` varchar(255) NOT NULL,
  `email_verified_at` timestamp NULL DEFAULT NULL,
  `password` varchar(255) NOT NULL,
  `remember_token` varchar(100) DEFAULT NULL,
  `created_at` timestamp NULL DEFAULT NULL,
  `updated_at` timestamp NULL DEFAULT NULL
) ENGINE=InnoDB DEFAULT CHARSET=utf8mb4 COLLATE=utf8mb4_unicode_ci;

--
-- Dumping data for table `users`
--

INSERT INTO `users` (`id`, `name`, `email`, `email_verified_at`, `password`, `remember_token`, `created_at`, `updated_at`) VALUES
(1, 'Test User', 'test@example.com', '2024-10-29 09:51:30', '$2y$12$5A//OOlcbz1FKz.gFNd62e1IHLA7T3.64wRjz7U5W6W8NZLvrIWsq', 'tqT5gWyT3h', '2024-10-29 09:51:30', '2024-10-29 09:51:30');

--
-- Indexes for dumped tables
--

--
-- Indexes for table `cache`
--
ALTER TABLE `cache`
  ADD PRIMARY KEY (`key`);

--
-- Indexes for table `cache_locks`
--
ALTER TABLE `cache_locks`
  ADD PRIMARY KEY (`key`);

--
-- Indexes for table `failed_jobs`
--
ALTER TABLE `failed_jobs`
  ADD PRIMARY KEY (`id`),
  ADD UNIQUE KEY `failed_jobs_uuid_unique` (`uuid`);

--
-- Indexes for table `jobs`
--
ALTER TABLE `jobs`
  ADD PRIMARY KEY (`id`),
  ADD KEY `jobs_queue_index` (`queue`);

--
-- Indexes for table `job_batches`
--
ALTER TABLE `job_batches`
  ADD PRIMARY KEY (`id`);

--
-- Indexes for table `migrations`
--
ALTER TABLE `migrations`
  ADD PRIMARY KEY (`id`);

--
-- Indexes for table `password_reset_tokens`
--
ALTER TABLE `password_reset_tokens`
  ADD PRIMARY KEY (`email`);

--
-- Indexes for table `personal_access_tokens`
--
ALTER TABLE `personal_access_tokens`
  ADD PRIMARY KEY (`id`),
  ADD UNIQUE KEY `personal_access_tokens_token_unique` (`token`),
  ADD KEY `personal_access_tokens_tokenable_type_tokenable_id_index` (`tokenable_type`,`tokenable_id`);

--
-- Indexes for table `products`
--
ALTER TABLE `products`
  ADD PRIMARY KEY (`id`);

--
-- Indexes for table `reviews`
--
ALTER TABLE `reviews`
  ADD PRIMARY KEY (`id`),
  ADD KEY `reviews_product_id_index` (`product_id`);

--
-- Indexes for table `sessions`
--
ALTER TABLE `sessions`
  ADD PRIMARY KEY (`id`),
  ADD KEY `sessions_user_id_index` (`user_id`),
  ADD KEY `sessions_last_activity_index` (`last_activity`);

--
-- Indexes for table `users`
--
ALTER TABLE `users`
  ADD PRIMARY KEY (`id`),
  ADD UNIQUE KEY `users_email_unique` (`email`);

--
-- AUTO_INCREMENT for dumped tables
--

--
-- AUTO_INCREMENT for table `failed_jobs`
--
ALTER TABLE `failed_jobs`
  MODIFY `id` bigint(20) UNSIGNED NOT NULL AUTO_INCREMENT;

--
-- AUTO_INCREMENT for table `jobs`
--
ALTER TABLE `jobs`
  MODIFY `id` bigint(20) UNSIGNED NOT NULL AUTO_INCREMENT;

--
-- AUTO_INCREMENT for table `migrations`
--
ALTER TABLE `migrations`
  MODIFY `id` int(10) UNSIGNED NOT NULL AUTO_INCREMENT, AUTO_INCREMENT=22;

--
-- AUTO_INCREMENT for table `personal_access_tokens`
--
ALTER TABLE `personal_access_tokens`
  MODIFY `id` bigint(20) UNSIGNED NOT NULL AUTO_INCREMENT;

--
-- AUTO_INCREMENT for table `products`
--
ALTER TABLE `products`
  MODIFY `id` int(10) UNSIGNED NOT NULL AUTO_INCREMENT, AUTO_INCREMENT=51;

--
-- AUTO_INCREMENT for table `reviews`
--
ALTER TABLE `reviews`
  MODIFY `id` int(10) UNSIGNED NOT NULL AUTO_INCREMENT, AUTO_INCREMENT=201;

--
-- AUTO_INCREMENT for table `users`
--
ALTER TABLE `users`
  MODIFY `id` bigint(20) UNSIGNED NOT NULL AUTO_INCREMENT, AUTO_INCREMENT=3;

--
-- Constraints for dumped tables
--

--
-- Constraints for table `reviews`
--
ALTER TABLE `reviews`
  ADD CONSTRAINT `reviews_product_id_foreign` FOREIGN KEY (`product_id`) REFERENCES `products` (`id`) ON DELETE CASCADE;
COMMIT;

/*!40101 SET CHARACTER_SET_CLIENT=@OLD_CHARACTER_SET_CLIENT */;
/*!40101 SET CHARACTER_SET_RESULTS=@OLD_CHARACTER_SET_RESULTS */;
/*!40101 SET COLLATION_CONNECTION=@OLD_COLLATION_CONNECTION */;
